"team","sport","total_medals"
"A North American Team","Polo",3
"Algeria","Boxing",2
"Ali-Baba II","Sailing",1
"Amateur Athletic Association","Athletics",1
"Amstel Amsterdam","Rowing",2
"Ancora","Sailing",1
"Angelita","Sailing",7
"Antwerpia V","Sailing",1
"Aphrodite","Sailing",1
"Argentina","Football",27
"Argonaut Rowing Club","Rowing",1
"Armenia","Wrestling",4
"Atlanta","Sailing",3
"Australasia","Swimming",5
"Australia","Swimming",98
"Australia-1","Beach Volleyball",2
"Austria","Alpine Skiing",13
"Austria-1","Bobsleigh",4
"Austria-2","Figure Skating",1
"Azerbaijan","Wrestling",5
"Bagatelle Polo Club, Paris","Polo",1
"Bahamas","Athletics",13
"Ballerina IV","Sailing",1
"Barion/Bari-2","Rowing",3
"Belarus","Canoeing",5
"Belarus","Biathlon",5
"Belgium","Fencing",26
"Bem II","Sailing",1
"Bera","Sailing",1
"Berliner Ruderclub","Rowing",1
"Berliner Ruderverein von 1876-2","Rowing",4
"Bingo","Sailing",1
"Bissbi","Sailing",2
"BLO Polo Club, Rugby","Polo",2
"Bluebottle","Sailing",1
"Bonzo","Sailing",1
"Boreas-2","Sailing",1
"Boston Archers","Archery",3
"Botswana","Athletics",1
"Brazil","Football",42
"Brazil-1","Beach Volleyball",9
"Brazil-2","Beach Volleyball",1
"Brussels Swimming and Water Polo Club","Water Polo",4
"Brynhild-2","Sailing",1
"Bucintoro Venezia","Rowing",4
"Bucintoro Venezia-1","Rowing",2
"Bulgaria","Wrestling",14
"Buraddoo","Sailing",1
"Cambridge University Boat Club-2","Rowing",3
"Cameroon","Football",7
"Canada","Ice Hockey",77
"Canada-1","Figure Skating",6
"Canada-1","Bobsleigh",6
"Canada-2","Bobsleigh",1
"Caprice","Sailing",1
"Carabinier-15","Sailing",1
"Central Turnverein, Chicago","Gymnastics",1
"Century Boat Club-1","Rowing",2
"Cercle de l'Aviron Roubaix-4","Rowing",4
"Chicago Athletic Association","Athletics",1
"Chicago Athletic Association-2","Water Polo",1
"Chile","Equestrianism",3
"Chile","Football",3
"China","Gymnastics",18
"China-1","Table Tennis",4
"China-2","Table Tennis",1
"Chinese Taipei","Baseball",6
"Christian Brothers' College-1","Football",4
"Chuckles","Sailing",1
"Cincinnati Archers","Archery",2
"Cobweb-1","Sailing",2
"Colombia","Shooting",2
"Colombia","Weightlifting",2
"Colombia","Judo",2
"Complex II","Sailing",1
"Cornwall","Rugby",2
"Cote d'Ivoire","Taekwondo",1
"Crabe II-1","Sailing",1
"Crabe II-4","Sailing",1
"Croatia","Water Polo",11
"Cuba","Baseball",26
"Czech Republic","Ice Hockey",7
"Czechoslovakia","Ice Hockey",25
"Denmark","Rowing",20
"Denmark-2","Badminton",1
"Denmark/Sweden","Tug-Of-War",1
"Devon and Somerset Wanderers","Cricket",9
"Dominican Republic","Boxing",1
"Dormy-1","Sailing",1
"East Germany","Rowing",37
"East Germany-1","Luge",2
"East Germany-2","Luge",3
"Edelweiss II-1","Sailing",3
"Egypt","Boxing",2
"Egypt","Weightlifting",2
"Elisabeth V","Sailing",1
"Elisabeth X","Sailing",3
"Elsie","Sailing",1
"Elvis Va","Equestrianism",1
"Encore","Sailing",1
"England-1","Hockey",1
"England-1","Cycling",1
"Erna Signe","Sailing",4
"Espadarte","Sailing",1
"Esterel-1","Sailing",1
"Estonia","Rowing",2
"Ethiopia","Athletics",25
"Favorite-1","Sailing",2
"Favorite Hammonia-3","Rowing",2
"Fiji","Rugby Sevens",2
"Finland","Ice Hockey",10
"Fornebo","Sailing",3
"Foxhunters Hurlingham","Polo",2
"France","Fencing",108
"France-1","Figure Skating",6
"France-2","Tennis",2
"France-3","Tennis",3
"Frankfurt Club","Rugby",2
"Gallant","Sailing",4
"Gallia II","Sailing",2
"Galt Football Club","Football",2
"Gem","Sailing",1
"Gem IV","Sailing",1
"Georgia","Weightlifting",2
"Georgia","Wrestling",2
"Germania II","Sailing",1
"Germany","Canoeing",41
"Germany-1","Figure Skating",5
"Germany-2","Bobsleigh",6
"Ghana","Football",9
"Gitana-2","Sailing",4
"Great Britain","Athletics",95
"Great Britain-1","Tennis",7
"Great Britain-2","Tennis",5
"Great Britain-3","Tennis",2
"Great Britain/Germany","Tennis",1
"Greece","Athletics",7
"Greece-1","Tennis",3
"Greece-2","Tennis",1
"Guatemala","Athletics",1
"Guyana","Boxing",1
"Guyoni","Sailing",1
"Gwendoline-2","Sailing",1
"Gyrinus-1","Motorboating",2
"Haiti","Shooting",2
"Heatherbell","Sailing",1
"Heira II","Sailing",2
"Hera-1","Sailing",6
"Heroine","Sailing",2
"Hollandia","Sailing",2
"Hungary","Water Polo",40
"Hurlingham-2","Polo",1
"Iceland","Handball",2
"India","Hockey",32
"Individual Olympic Athletes","Shooting",3
"Indonesia","Weightlifting",1
"Indonesia","Badminton",1
"Indonesia-1","Badminton",3
"Iran","Wrestling",4
"Iraq","Weightlifting",1
"Ireland","Boxing",7
"Ireland-2","Hockey",3
"Israel","Judo",1
"Italia","Sailing",2
"Italy","Fencing",124
"Italy-1","Bobsleigh",8
"Italy-2","Bobsleigh",3
"Jamaica","Athletics",46
"Japan","Gymnastics",14
"Jest","Sailing",1
"Jo","Sailing",1
"Jordan","Taekwondo",1
"K Division Metropolitan Police Team-3","Tug-Of-War",3
"Kazakhstan","Boxing",4
"Kenya","Athletics",17
"Kerstin-1","Sailing",1
"Kitty-1","Sailing",1
"Kullan","Sailing",1
"Kurush II","Sailing",2
"Kuwait","Shooting",2
"Kyrgyzstan","Wrestling",1
"L'Aile VI","Sailing",3
"Lalage","Sailing",2
"Large boat, Central Naval Prep School ""Poros""-1","Rowing",2
"Latvia","Athletics",3
"Latvia-1","Bobsleigh",1
"Leander Club-1","Rowing",4
"Leander Club-2","Rowing",3
"Leander Club #1-1","Rowing",1
"Leander Club #2-2","Rowing",1
"Lebanon","Wrestling",2
"Lerina","Sailing",6
"Libellule de Paris","Water Polo",3
"Life boat naval ship ""Spetsai""-1","Rowing",3
"Lithuania","Basketball",7
"Liverpool Police Team-2","Tug-Of-War",2
"Llanoria","Sailing",1
"London City Police-1","Tug-Of-War",1
"Lucky Girl-1","Sailing",1
"Ludwigshafener Ruder Verein-1","Rowing",2
"Ludwigshafener Ruderverein","Rowing",3
"Luxembourg","Athletics",1
"Luxembourg","Weightlifting",1
"Magda IX","Sailing",3
"Magdalen College Boat Club-1","Rowing",1
"Malaysia","Cycling",1
"Malaysia","Diving",1
"Malaysia","Badminton",1
"Malaysia-1","Badminton",1
"Marinai della nave da guerra ""Varese""","Rowing",3
"Marmi II-1","Sailing",1
"Martha-1","Sailing",4
"May Be","Sailing",1
"Mexico","Diving",7
"Mexico","Football",7
"Mignon-3","Sailing",1
"Minerva Amsterdam","Rowing",5
"Missouri Athletic Club-3","Swimming",1
"Missouri Athletic Club-3","Water Polo",1
"Mohawk Indians-2","Lacrosse",3
"Moldova","Weightlifting",1
"Mongolia","Wrestling",3
"Montenegro","Handball",4
"Morocco","Athletics",14
"Moseley Wanderers","Rugby",5
"Mosk II","Sailing",2
"Mouchette-2","Sailing",2
"Mound City Rowing Club-2","Rowing",2
"Mutafo","Sailing",1
"Namoussa","Sailing",1
"Nepal","Alpinism",1
"Netherlands","Hockey",87
"Netherlands-1","Beach Volleyball",1
"Netherlands Antilles","Sailing",1
"New College, Oxford-2","Rowing",3
"New York Athletic Club-1","Water Polo",1
"New York Athletic Club #1-1","Swimming",1
"New York Turnverein, New York","Gymnastics",2
"New Zealand","Rowing",24
"Niger","Taekwondo",1
"Niger","Boxing",1
"Nigeria","Football",21
"Nina","Sailing",3
"Nina Claire-2","Sailing",3
"Nirefs","Sailing",1
"Norna","Sailing",3
"North Korea","Judo",2
"North Korea","Weightlifting",2
"Norway","Cross Country Skiing",53
"Nykjbings paa Falster","Rowing",1
"Olle","Sailing",4
"Oranje","Sailing",2
"Ormsund Roklub-2","Rowing",1
"Osborne Swimming Club, Manchester","Water Polo",2
"Pakistan","Hockey",44
"Pan","Sailing",2
"Paraguay","Football",11
"Peru","Volleyball",3
"Phalainis ton Thorichtou ""Hydra""-2","Rowing",3
"Philippines","Weightlifting",1
"Pistoja/Firenze","Gymnastics",2
"Poland","Boxing",12
"Polyteknisk Roklub-1","Rowing",2
"Portugal","Equestrianism",4
"Puerto Rico","Boxing",1
"Puerto Rico","Wrestling",1
"Puerto Rico","Athletics",1
"Pupilles de Neptune de Lille #2-1","Water Polo",4
"Qatar","Athletics",2
"Quand-Mme-2","Sailing",3
"Racing Club de France","Athletics",4
"Roddklubben af 1912-1","Rowing",3
"Romania","Rowing",51
"Rowing Club Castillon-3","Rowing",1
"Royal Club Nautique de Gand","Rowing",5
"Russia","Athletics",20
"Russia-1","Figure Skating",4
"Russia-2","Figure Skating",2
"Santa Maria","Sailing",1
"Sarcelle-3","Sailing",1
"Saudi Arabia","Equestrianism",4
"Scotia","Sailing",2
"Scotland-3","Hockey",3
"Seawanhaka Boat Club-1","Rowing",1
"Senegal","Athletics",1
"Serbia","Basketball",7
"Serbia","Water Polo",7
"Serbia and Montenegro","Volleyball",5
"Serbia and Montenegro","Basketball",5
"Silja","Sailing",2
"Singapore","Table Tennis",3
"Sirene","Sailing",1
"Slaghoken","Sailing",2
"Slaghoken II","Sailing",1
"Slovakia","Canoeing",2
"Slovenia","Rowing",4
"Smyrna","Football",2
"Snap","Sailing",3
"Socit Nautique de Bayonne-1","Rowing",1
"Socit Nautique de Bayonne-2","Rowing",1
"Socit Nautique de la Basse Seine-1","Rowing",6
"South Africa","Boxing",6
"South Korea","Short Track Speed Skating",14
"South Korea-2","Table Tennis",1
"Soviet Union","Gymnastics",84
"Soviet Union-1","Figure Skating",6
"Soviet Union-2","Bobsleigh",2
"Spain","Hockey",40
"St. Louis Amateur Athletic Association","Lacrosse",1
"St. Louis Southwest Turnverein #1-2","Tug-Of-War",1
"St. Rose-2","Football",6
"Stella-2","Sailing",2
"Sweden","Ice Hockey",61
"Sweden-1","Tennis",1
"Sweden-2","Tennis",1
"Sweden-3","Tennis",1
"Swedish Star","Sailing",1
"Swift","Sailing",1
"Switzerland","Rowing",19
"Switzerland-1","Bobsleigh",28
"Switzerland-2","Bobsleigh",11
"Symphony","Sailing",2
"Syria","Boxing",1
"Syria","Wrestling",1
"Taifun","Sailing",3
"Tajikistan","Boxing",1
"Tajikistan","Wrestling",1
"Tajikistan","Judo",1
"Tango","Sailing",2
"Tanzania","Athletics",1
"Thailand","Boxing",3
"Thames Rowing Club","Rowing",2
"Thessalonki-1","Football",1
"Tip","Sailing",2
"Togo","Canoeing",1
"Tornado","Sailing",2
"Toronto Argonauts","Rowing",3
"Trans-Mississippi Golf Association-2","Golf",1
"Trinidad and Tobago","Athletics",14
"Tritons Lillois-2","Swimming",2
"Tunisia","Fencing",1
"Tunisia","Wrestling",1
"Turkey","Wrestling",30
"Tutti V","Sailing",2
"Uganda","Athletics",1
"Ukraine","Athletics",6
"Unified Team","Handball",10
"Unified Team-1","Figure Skating",1
"Unified Team-2","Figure Skating",1
"Union des Socits Franais de Sports Athletiques","Rugby",4
"Union des Socits Franais de Sports Athletiques","Cricket",4
"United Arab Emirates","Shooting",1
"United Arab Republic","Wrestling",1
"United Arab Republic","Boxing",1
"United States","Athletics",321
"United States-1","Bobsleigh",13
"United States-2","Bobsleigh",7
"United States Golf Association-3","Golf",2
"United States/France","Tennis",2
"United States/Great Britain","Tennis",1
"Univ. of Brussels","Football",1
"Upton Park FC","Football",3
"Uruguay","Football",13
"USFSA","Football",5
"Uzbekistan","Boxing",4
"Venezuela","Boxing",3
"Venilia","Sailing",3
"Vesper Boat Club","Rowing",9
"Vision","Sailing",2
"Wales-4","Hockey",2
"Wannsee","Sailing",1
"Web II","Sailing",2
"West Germany","Fencing",18
"West Germany-1","Bobsleigh",3
"Western Golf Association-1","Golf",4
"Western Rowing Club-3","Rowing",2
"White Lady","Sailing",1
"Widgeon","Sailing",1
"Willem-Six","Sailing",1
"Winnipeg Shamrocks-1","Lacrosse",7
"Yugoslavia","Basketball",23
"Zimbabwe","Swimming",7
