"team","total_unique_athletes","total_olympic_participations","total_gold_medals","total_silver_medals","total_bronze_medals","total_medals","first_year_of_participation","last_year_of_participation"
"United States",2565,4979,709,415,336,1460,1896,2016
"Soviet Union",581,1162,212,145,147,504,1952,1988
"Italy",1838,4023,202,183,186,571,1900,2016
"France",2242,4608,167,183,221,571,1896,2016
"Great Britain",1715,3282,154,164,163,481,1896,2016
"Germany",916,1965,133,135,128,396,1896,2016
"Canada",1266,2536,107,107,114,328,1904,2016
"Australia",1137,2235,97,124,149,370,1906,2016
"Hungary",625,1507,94,67,80,241,1896,2016
"Norway",465,1134,82,84,65,231,1900,2016
"Sweden",953,2057,79,122,140,341,1900,2016
"East Germany",248,527,73,59,63,195,1968,1988
"Russia",482,1030,72,67,80,219,1900,2016
"Netherlands",719,1453,58,90,109,257,1900,2016
"Romania",552,1333,46,61,91,198,1924,2016
"China",329,580,44,37,33,114,1936,2016
"Denmark",365,643,41,40,26,107,1900,2016
"Cuba",379,710,39,37,33,109,1904,2016
"Spain",910,1836,38,87,53,178,1900,2016
"West Germany",324,643,36,40,37,113,1968,1988
"New Zealand",357,618,35,18,18,71,1920,2016
"Belgium",681,1326,32,61,55,148,1900,2016
"Yugoslavia",273,549,31,39,21,91,1920,1992
"Brazil",805,1529,30,58,75,163,1920,2016
"Switzerland",700,1560,29,50,55,134,1896,2016
"India",185,296,28,2,4,34,1920,2016
"Argentina",615,1091,25,34,32,91,1900,2016
"Unified Team",114,157,24,11,15,50,1992,1992
"South Korea",249,458,21,19,12,52,1948,2016
"Pakistan",133,206,20,16,9,45,1948,2016
"Japan",260,515,18,16,21,55,1928,2016
"Jamaica",96,227,18,20,8,46,1948,2016
"Turkey",304,540,17,11,13,41,1924,2016
"Czechoslovakia",393,862,16,43,26,85,1920,1992
"Austria",357,753,14,25,12,51,1900,2016
"Poland",532,996,13,27,47,87,1924,2016
"Bulgaria",319,756,13,32,27,72,1924,2016
"Uruguay",127,203,13,0,12,25,1924,2016
"Mexico",473,864,12,5,16,33,1924,2016
"Croatia",91,195,12,9,10,31,1992,2016
"Ethiopia",85,142,12,3,10,25,1956,2016
"Nigeria",209,324,10,12,16,38,1952,2016
"Ukraine",201,437,9,10,19,38,1994,2016
"Great Britain-1",44,57,9,5,1,15,1900,2014
"Vesper Boat Club",7,9,9,0,0,9,1900,1904
"Devon and Somerset Wanderers",9,9,9,0,0,9,1900,1900
"Finland",182,380,8,15,26,49,1906,2016
"Belarus",137,310,8,11,13,32,1994,2016
"Switzerland-1",29,42,8,11,9,28,1924,2014
"United States-1",53,68,8,11,8,27,1928,2016
"Greece",268,505,8,7,10,25,1896,2016
"Germany-1",20,23,7,3,4,14,1928,2014
"Zimbabwe",44,86,7,4,1,12,1928,2016
"Australasia",12,22,7,2,1,10,1908,1912
"Cameroon",81,104,7,1,0,8,1968,2016
"Winnipeg Shamrocks-1",7,7,7,0,0,7,1904,1904
"Angelita",8,10,7,0,0,7,1932,1936
"South Africa",238,399,6,9,12,27,1908,2016
"Kenya",112,182,6,8,4,18,1956,2016
"Italy-1",43,57,6,4,1,11,1924,2014
"Hera-1",6,6,6,0,0,6,1908,1908
"Czech Republic",129,324,5,2,11,18,1994,2016
"Morocco",222,331,5,4,7,16,1960,2016
"Trinidad and Tobago",57,153,5,4,6,15,1956,2016
"Bahamas",40,113,5,5,3,13,1952,2016
"China-1",13,16,5,2,0,7,1988,2012
"Switzerland-2",31,39,4,6,1,11,1924,2014
"Soviet Union-1",8,13,4,4,0,8,1964,1988
"Union des Socits Franais de Sports Athletiques",8,8,4,4,0,8,1900,1900
"Uzbekistan",65,115,4,1,2,7,1994,2016
"East Germany-1",7,7,4,0,1,5,1968,1984
"Cercle de l'Aviron Roubaix-4",4,8,4,0,0,4,1900,1900
"Western Golf Association-1",4,4,4,0,0,4,1904,1904
"Olle",2,6,4,0,0,4,1900,1900
"Leander Club-1",4,4,4,0,0,4,1908,1912
"Bucintoro Venezia",2,4,4,0,0,4,1906,1906
"Serbia",41,68,3,7,10,20,2008,2016
"Canada-1",34,44,3,3,7,13,1936,2016
"Lithuania",51,101,3,0,9,12,1924,2016
"Kazakhstan",137,303,3,5,3,11,1994,2016
"United States-2",56,62,3,3,3,9,1904,2016
"Lerina",3,9,3,3,0,6,1900,1900
"Germany-2",30,33,3,1,2,6,1932,2016
"Atlanta",3,3,3,0,0,3,1920,1920
"L'Aile VI",3,3,3,0,0,3,1928,1928
"Edelweiss II-1",3,3,3,0,0,3,1920,1920
"Upton Park FC",3,3,3,0,0,3,1900,1900
"Magda IX",3,3,3,0,0,3,1912,1912
"Ludwigshafener Ruderverein",3,3,3,0,0,3,1912,1912
"Norna",3,3,3,0,0,3,1928,1928
"Taifun",3,3,3,0,0,3,1912,1912
"Chinese Taipei",169,302,2,8,6,16,1956,2016
"France-1",51,65,2,4,7,13,1900,2014
"Serbia and Montenegro",39,58,2,6,4,12,1996,2004
"Slovenia",74,228,2,2,7,11,1992,2016
"Brazil-1",7,10,2,7,0,9,2000,2016
"Ireland",227,374,2,1,5,8,1912,2016
"Austria-1",16,23,2,3,0,5,1900,2004
"Minerva Amsterdam",2,5,2,1,2,5,1900,1900
"North Korea",44,94,2,2,1,5,1964,2016
"Egypt",444,742,2,2,1,5,1906,2016
"Russia-1",12,13,2,1,1,4,1900,2014
"Lalage",2,2,2,0,0,2,1936,1936
"Century Boat Club-1",2,2,2,0,0,2,1904,1904
"Gyrinus-1",1,2,2,0,0,2,1908,1908
"Bissbi",2,2,2,0,0,2,1932,1932
"Oranje",2,2,2,0,0,2,1920,1920
"Osborne Swimming Club, Manchester",2,2,2,0,0,2,1900,1900
"Scotia",1,3,2,0,0,2,1900,1900
"Galt Football Club",2,2,2,0,0,2,1904,1904
"Heroine",2,2,2,0,0,2,1908,1908
"Large boat, Central Naval Prep School ""Poros""-1",2,2,2,0,0,2,1906,1906
"Cobweb-1",2,2,2,0,0,2,1908,1908
"Pan",1,2,2,0,0,2,1948,1952
"Italia",2,2,2,0,0,2,1936,1936
"Fiji",29,50,2,0,0,2,1956,2016
"Mosk II",2,2,2,0,0,2,1920,1920
"Foxhunters Hurlingham",2,2,2,0,0,2,1900,1900
"Bucintoro Venezia-1",2,2,2,0,0,2,1906,1906
"Heira II",2,2,2,0,0,2,1920,1920
"Portugal",301,651,1,1,9,11,1912,2016
"Great Britain-2",46,56,1,4,5,10,1908,2014
"Azerbaijan",51,71,1,4,5,10,1996,2016
"Iran",143,218,1,4,3,8,1948,2016
"Mongolia",110,184,1,1,6,8,1964,2016
"Colombia",185,339,1,4,2,7,1932,2016
"Armenia",35,55,1,1,3,5,1994,2016
"Georgia",32,53,1,0,4,5,1994,2016
"Thailand",87,133,1,1,2,4,1956,2016
"Algeria",177,249,1,1,2,4,1972,2016
"Individual Olympic Athletes",21,24,1,0,2,3,1992,2016
"France-3",5,6,1,0,2,3,1920,1998
"Indonesia-1",4,6,1,0,2,3,1992,2016
"Marinai della nave da guerra ""Varese""",3,3,1,0,2,3,1906,1906
"Indonesia",39,67,1,1,0,2,1956,2016
"Australia-1",6,9,1,0,1,2,1988,2016
"England-1",2,2,1,1,0,2,1908,1912
"Luxembourg",70,189,1,1,0,2,1912,2016
"Elisabeth V",1,1,1,0,0,1,1924,1924
"Kullan",1,1,1,0,0,1,1920,1920
"Nykjbings paa Falster",1,1,1,0,0,1,1912,1912
"Swift",1,1,1,0,0,1,1948,1948
"Seawanhaka Boat Club-1",1,1,1,0,0,1,1904,1904
"New York Athletic Club #1-1",1,1,1,0,0,1,1904,1904
"Magdalen College Boat Club-1",1,1,1,0,0,1,1908,1908
"United Arab Emirates",51,110,1,0,0,1,1984,2016
"Jo",1,1,1,0,0,1,1920,1920
"Jordan",36,47,1,0,0,1,1984,2016
"Carabinier-15",1,1,1,0,0,1,1900,1900
"Unified Team-1",3,3,1,0,0,1,1992,1992
"Bera",1,1,1,0,0,1,1924,1924
"Gem",1,1,1,0,0,1,1964,1964
"Wannsee",1,1,1,0,0,1,1936,1936
"Sirene",1,1,1,0,0,1,1960,1960
"Complex II",1,1,1,0,0,1,1952,1952
"Uganda",39,66,1,0,0,1,1956,2016
"Slaghoken II",1,1,1,0,0,1,1956,1956
"China-2",3,4,1,0,0,1,1992,2016
"Dominican Republic",62,82,1,0,0,1,1968,2016
"Dormy-1",1,1,1,0,0,1,1908,1908
"London City Police-1",1,1,1,0,0,1,1908,1908
"Kitty-1",1,1,1,0,0,1,1912,1912
"Llanoria",1,1,1,0,0,1,1952,1952
"Nirefs",1,1,1,0,0,1,1960,1960
"Elvis Va",1,1,1,0,0,1,2008,2008
"Cote d'Ivoire",41,62,1,0,0,1,1964,2016
"Leander Club #1-1",1,1,1,0,0,1,1908,1908
"Great Britain/Germany",1,1,1,0,0,1,1896,1896
"Ancora",1,1,1,0,0,1,1920,1920
"Denmark/Sweden",1,1,1,0,0,1,1900,1900
"White Lady",1,1,1,0,0,1,1964,1964
"Nepal",15,16,1,0,0,1,1924,2016
"Esterel-1",1,1,1,0,0,1,1900,1900
"Amateur Athletic Association",1,1,1,0,0,1,1900,1900
"New York Athletic Club-1",1,1,1,0,0,1,1904,1904
"Jest",1,1,1,0,0,1,1956,1956
"Ghana",100,157,0,0,11,11,1952,2016
"Paraguay",54,68,0,11,0,11,1968,2016
"Chile",152,261,0,5,4,9,1912,2016
"St. Rose-2",6,6,0,0,6,6,1904,1904
"Racing Club de France",6,6,0,6,0,6,1900,1900
"West Germany-1",10,15,0,4,2,6,1968,1988
"Latvia",100,215,0,5,1,6,1924,2016
"Venezuela",157,235,0,0,6,6,1932,2016
"Socit Nautique de la Basse Seine-1",4,6,0,4,2,6,1906,1906
"Royal Club Nautique de Gand",4,6,0,5,0,5,1900,1908
"Moseley Wanderers",5,5,0,5,0,5,1900,1900
"Saudi Arabia",122,197,0,1,4,5,1972,2016
"USFSA",5,5,0,5,0,5,1900,1900
"Berliner Ruderverein von 1876-2",4,4,0,0,4,4,1912,1912
"Gallant",4,4,0,4,0,4,1932,1932
"Peru",137,211,0,4,0,4,1900,2016
"Martha-1",2,4,0,2,2,4,1900,1900
"Gitana-2",2,4,0,2,2,4,1900,1900
"Christian Brothers' College-1",4,4,0,4,0,4,1904,1904
"Pupilles de Neptune de Lille #2-1",4,4,0,0,4,4,1900,1900
"Brussels Swimming and Water Polo Club",4,4,0,4,0,4,1900,1900
"Montenegro",11,17,0,4,0,4,2008,2016
"Erna Signe",4,4,0,4,0,4,1912,1912
"Tajikistan",14,31,0,1,2,3,1996,2016
"Cambridge University Boat Club-2",3,3,0,0,3,3,1908,1908
"Ireland-2",5,5,0,3,0,3,1908,1998
"Quand-Mme-2",2,3,0,3,0,3,1900,1900
"Qatar",72,99,0,1,2,3,1984,2016
"Italy-2",39,45,0,3,0,3,1924,2016
"Puerto Rico",188,314,0,1,2,3,1948,2016
"Scotland-3",3,3,0,0,3,3,1908,1908
"Haiti",29,43,0,1,2,3,1900,2016
"K Division Metropolitan Police Team-3",3,3,0,0,3,3,1908,1908
"A North American Team",3,3,0,0,3,3,1900,1900
"Singapore",29,53,0,1,2,3,1952,2016
"Slovakia",89,195,0,1,2,3,1994,2016
"Snap",3,3,0,0,3,3,1948,1948
"Phalainis ton Thorichtou ""Hydra""-2",3,3,0,3,0,3,1906,1906
"East Germany-2",10,10,0,1,2,3,1968,1988
"Soviet Union-2",8,11,0,1,2,3,1960,1988
"Greece-1",4,4,0,3,0,3,1896,2004
"Leander Club-2",3,3,0,3,0,3,1908,1908
"Barion/Bari-2",3,3,0,3,0,3,1906,1906
"Mohawk Indians-2",3,3,0,0,3,3,1904,1904
"Libellule de Paris",3,3,0,0,3,3,1900,1900
"Elisabeth X",3,3,0,3,0,3,1952,1952
"Life boat naval ship ""Spetsai""-1",3,3,0,3,0,3,1906,1906
"Toronto Argonauts",3,4,0,2,1,3,1904,1912
"Nina Claire-2",3,6,0,0,3,3,1900,1900
"Nina",3,3,0,3,0,3,1912,1912
"Malaysia",77,143,0,2,1,3,1964,2016
"Estonia",36,80,0,1,2,3,1924,2016
"New College, Oxford-2",3,3,0,3,0,3,1912,1912
"Venilia",3,3,0,0,3,3,1960,1960
"Fornebo",3,3,0,3,0,3,1920,1920
"Boston Archers",3,3,0,0,3,3,1904,1904
"Roddklubben af 1912-1",3,3,0,3,0,3,1912,1912
"Iceland",57,139,0,3,0,3,1948,2014
"Hollandia",2,2,0,2,0,2,1928,1928
"Thames Rowing Club",2,2,0,2,0,2,1912,1912
"Gallia II",2,2,0,0,2,2,1912,1912
"Silja",2,2,0,2,0,2,1936,1936
"Lebanon",60,103,0,1,1,2,1948,2016
"Tornado",2,2,0,2,0,2,1952,1952
"Frankfurt Club",2,2,0,2,0,2,1900,1900
"Pistoja/Firenze",2,2,0,0,2,2,1906,1906
"Tango",2,3,0,2,0,2,1960,1964
"Favorite-1",1,2,0,2,0,2,1900,1900
"Niger",13,15,0,1,1,2,1964,2016
"Liverpool Police Team-2",2,2,0,2,0,2,1908,1908
"Favorite Hammonia-3",2,3,0,0,2,2,1900,1900
"Symphony",2,2,0,2,0,2,1948,1948
"Vision",2,2,0,2,0,2,1956,1956
"Wales-4",2,2,0,0,2,2,1908,1908
"Russia-2",15,18,0,2,0,2,1994,2016
"Web II",2,2,0,2,0,2,1960,1960
"United Arab Republic",43,73,0,1,1,2,1960,1960
"New York Turnverein, New York",2,2,0,2,0,2,1904,1904
"BLO Polo Club, Rugby",2,2,0,2,0,2,1900,1900
"Syria",58,71,0,1,1,2,1968,2016
"Mound City Rowing Club-2",2,2,0,2,0,2,1904,1904
"Mouchette-2",2,2,0,2,0,2,1908,1908
"Western Rowing Club-3",2,2,0,0,2,2,1904,1904
"Cornwall",2,2,0,2,0,2,1908,1908
"Polyteknisk Roklub-1",2,2,0,0,2,2,1912,1912
"Tritons Lillois-2",3,5,0,2,0,2,1900,1900
"Smyrna",2,2,0,2,0,2,1906,1906
"Tunisia",172,233,0,0,2,2,1960,2016
"France-2",35,42,0,0,2,2,1900,2014
"United States Golf Association-3",2,2,0,0,2,2,1904,1904
"Tip",2,2,0,2,0,2,1956,1956
"Kurush II",2,2,0,2,0,2,1948,1948
"Stella-2",2,2,0,0,2,2,1920,1920
"Ludwigshafener Ruder Verein-1",2,2,0,0,2,2,1900,1900
"Great Britain-3",7,7,0,0,2,2,1908,1976
"United States/France",2,2,0,2,0,2,1900,1900
"Tutti V",2,2,0,0,2,2,1928,1928
"Missouri Athletic Club-3",1,2,0,0,2,2,1904,1904
"Cincinnati Archers",2,2,0,2,0,2,1904,1904
"Kuwait",139,219,0,0,2,2,1968,2012
"Amstel Amsterdam",2,2,0,0,2,2,1908,1908
"Slaghoken",2,2,0,2,0,2,1948,1948
"United States/Great Britain",1,1,0,0,1,1,1900,1900
"Univ. of Brussels",1,1,0,0,1,1,1900,1900
"Sarcelle-3",1,2,0,0,1,1,1900,1900
"Netherlands Antilles",24,33,0,1,0,1,1952,2008
"Netherlands-1",2,2,0,0,1,1,2006,2016
"Santa Maria",1,1,0,1,0,1,1932,1932
"Moldova",47,78,0,0,1,1,1996,2016
"Israel",91,154,0,1,0,1,1952,2016
"Denmark-2",2,5,0,0,1,1,1912,2008
"Marmi II-1",1,1,0,1,0,1,1920,1920
"Namoussa",1,1,0,0,1,1,1924,1924
"Bem II",1,1,0,0,1,1,1936,1936
"Iraq",65,77,0,0,1,1,1948,2016
"Argonaut Rowing Club",1,1,0,0,1,1,1908,1908
"Bonzo",1,1,0,1,0,1,1924,1924
"Brazil-2",6,9,0,0,1,1,1996,2016
"Canada-2",37,43,0,1,0,1,1932,2016
"Mutafo",1,1,0,1,0,1,1964,1964
"Rowing Club Castillon-3",1,1,0,0,1,1,1900,1900
"Bingo",1,1,0,0,1,1,1964,1964
"Greece-2",2,2,0,0,1,1,1906,2008
"Boreas-2",1,1,0,1,0,1,1920,1920
"St. Louis Amateur Athletic Association",1,1,0,1,0,1,1904,1904
"St. Louis Southwest Turnverein #1-2",1,1,0,1,0,1,1904,1904
"Crabe II-1",1,1,0,1,0,1,1900,1900
"Crabe II-4",1,1,0,0,1,1,1900,1900
"Buraddoo",2,2,0,0,1,1,1956,1960
"Latvia-1",5,10,0,1,0,1,1992,2014
"Ormsund Roklub-2",1,1,0,0,1,1,1912,1912
"Widgeon",1,1,0,0,1,1,1964,1964
"Kyrgyzstan",35,59,0,1,0,1,1996,2016
"Leander Club #2-2",1,1,0,1,0,1,1908,1908
"Sweden-1",12,18,0,1,0,1,1912,2008
"Sweden-3",2,2,0,0,1,1,1912,1912
"Sweden-2",14,20,0,1,0,1,1912,2008
"Swedish Star",1,1,0,0,1,1,1932,1932
"May Be",1,1,0,0,1,1,1936,1936
"South Korea-2",2,2,0,0,1,1,1988,2016
"Guatemala",68,115,0,1,0,1,1952,2016
"Brynhild-2",1,1,0,1,0,1,1900,1900
"Willem-Six",1,1,0,0,1,1,1924,1924
"Tanzania",18,31,0,1,0,1,1964,2008
"Antwerpia V",2,2,0,0,1,1,1920,1924
"Guyana",25,29,0,0,1,1,1948,2016
"Central Turnverein, Chicago",1,1,0,0,1,1,1904,1904
"Berliner Ruderclub",1,1,0,0,1,1,1908,1908
"Thessalonki-1",1,1,0,0,1,1,1906,1906
"Bagatelle Polo Club, Paris",1,1,0,0,1,1,1900,1900
"Elsie",1,1,0,1,0,1,1920,1920
"Socit Nautique de Bayonne-2",1,2,0,0,1,1,1906,1906
"Encore",1,1,0,1,0,1,1952,1952
"Togo",18,27,0,0,1,1,1972,2016
"Germania II",1,1,0,0,1,1,1936,1936
"Socit Nautique de Bayonne-1",1,1,0,0,1,1,1906,1906
"Botswana",12,16,0,1,0,1,1980,2016
"Trans-Mississippi Golf Association-2",1,1,0,1,0,1,1904,1904
"Austria-2",21,31,0,0,1,1,1928,2016
"Gem IV",1,1,0,0,1,1,1956,1956
"Philippines",133,239,0,1,0,1,1932,2016
"Lucky Girl-1",1,1,0,0,1,1,1912,1912
"Bluebottle",1,1,0,0,1,1,1956,1956
"Guyoni",1,1,0,0,1,1,1908,1908
"Kerstin-1",1,1,0,0,1,1,1912,1912
"Espadarte",1,1,0,0,1,1,1952,1952
"Gwendoline-2",1,2,0,0,1,1,1900,1900
"Unified Team-2",2,2,0,1,0,1,1992,1992
"Ali-Baba II",3,3,0,0,1,1,1948,1948
"Caprice",1,1,0,0,1,1,1932,1932
"Ballerina IV",1,1,0,0,1,1,1960,1960
"Aphrodite",1,1,0,0,1,1,1964,1964
"Senegal",104,175,0,1,0,1,1964,2016
"Chicago Athletic Association",1,1,0,1,0,1,1904,1904
"Chuckles",1,1,0,0,1,1,1956,1956
"Malaysia-1",3,5,0,1,0,1,1992,2004
"Heatherbell",1,1,0,0,1,1,1912,1912
"Mignon-3",1,2,0,0,1,1,1900,1900
"Hurlingham-2",1,1,0,1,0,1,1908,1908
"Chicago Athletic Association-2",1,1,0,1,0,1,1904,1904
"Rush IV",1,1,0,0,0,0,1956,1956
"Russia-3",4,5,0,0,0,0,1998,2014
"Rwanda",5,7,0,0,0,0,1984,2016
"Saar",10,23,0,0,0,0,1952,1952
"Sabre",2,2,0,0,0,0,1952,1952
"Saga-2",1,1,0,0,0,0,1908,1908
"SagaII",1,1,0,0,0,0,1960,1960
"Saint Kitts and Nevis",4,20,0,0,0,0,1996,2016
"Saint Lucia",7,8,0,0,0,0,1996,2016
"Saint Vincent and the Grenadines",9,16,0,0,0,0,1988,2016
"Samoa",12,18,0,0,0,0,1984,2016
"San Marino",35,63,0,0,0,0,1960,2010
"Sao Tome and Principe",5,6,0,0,0,0,1996,2016
"Sarcelle-35",1,1,0,0,0,0,1900,1900
"Saskia",2,2,0,0,0,0,1936,1936
"Scotland",1,1,0,0,0,0,1912,1912
"Scotland-2",1,1,0,0,0,0,1912,1912
"Scram",1,1,0,0,0,0,1960,1960
"Serbia-2",1,1,0,0,0,0,2012,2012
"Serendipity",1,1,0,0,0,0,1964,1964
"Seychelles",26,38,0,0,0,0,1980,2016
"Shoveller",2,2,0,0,0,0,1952,1952
"Siames-Cat",2,2,0,0,0,0,1960,1960
"Sidi-Fekkar-14",1,2,0,0,0,0,1900,1900
"Sidi Fekkar-36",1,1,0,0,0,0,1900,1900
"Sierra Leone",19,37,0,0,0,0,1968,2008
"Sjhxa",2,2,0,0,0,0,1952,1952
"Snowten III",2,2,0,0,0,0,1960,1960
"Snude",3,3,0,0,0,0,1952,1952
"Societ Nautique de la Marne",5,5,0,0,0,0,1900,1900
"Societ Nautique de la Marne-3",3,3,0,0,0,0,1900,1900
"Socit Nautique de Bayonne",6,8,0,0,0,0,1912,1912
"Socit Nautique de la Basse Seine-2",2,2,0,0,0,0,1906,1906
"Solomon Islands",5,6,0,0,0,0,1984,2016
"Somalia",9,16,0,0,0,0,1972,2012
"Sonja II",2,2,0,0,0,0,1912,1912
"South Africa-2",2,2,0,0,0,0,1920,1920
"South St Louis Turnverein, St Louis",1,1,0,0,0,0,1904,1904
"South Vietnam",3,4,0,0,0,0,1952,1968
"South Yemen",1,1,0,0,0,0,1988,1988
"Souvenance",1,1,0,0,0,0,1900,1900
"Soviet Union-3",7,7,0,0,0,0,1972,1988
"Spain-1",9,11,0,0,0,0,1900,2016
"Spain-2",6,8,0,0,0,0,1920,2008
"Spirit III",1,1,0,0,0,0,1956,1956
"Sri Lanka",22,41,0,0,0,0,1948,2016
"St. Margrite",1,1,0,0,0,0,1948,1948
"Starlight III",1,1,0,0,0,0,1956,1956
"Struten",1,1,0,0,0,0,1960,1960
"Studenternes Roklub-2",3,3,0,0,0,0,1912,1912
"Sudan",36,46,0,0,0,0,1960,2016
"Suriname",10,19,0,0,0,0,1972,2004
"Suzy-2",2,2,0,0,0,0,1920,1920
"Swaziland",9,13,0,0,0,0,1984,2008
"Sydney Rowing Club",1,1,0,0,0,0,1912,1912
"Tajamar",1,1,0,0,0,0,1960,1960
"Teresita",2,2,0,0,0,0,1952,1952
"Terrible",1,1,0,0,0,0,1960,1960
"Thalatta",2,2,0,0,0,0,1952,1952
"The Cloud",2,2,0,0,0,0,1948,1948
"Tichiboo",1,1,0,0,0,0,1956,1956
"Tilly",1,1,0,0,0,0,1956,1956
"Tim-Tam III",2,2,0,0,0,0,1952,1952
"Timor Leste",3,3,0,0,0,0,2004,2016
"Tom Kyle",1,1,0,0,0,0,1952,1952
"Tonga",3,3,0,0,0,0,1988,2016
"Tornade-16",1,1,0,0,0,0,1900,1900
"Tournade-40",1,1,0,0,0,0,1900,1900
"Trickson VI",2,2,0,0,0,0,1952,1952
"Trintel II",1,1,0,0,0,0,1960,1960
"Tu-Fri",1,1,0,0,0,0,1952,1952
"Turkmenistan",9,14,0,0,0,0,1996,2016
"Turnverein Vorwrts, Chicago",1,1,0,0,0,0,1904,1904
"Turnverein Vorwrts, Cleveland",1,1,0,0,0,0,1904,1904
"Tuvalu",1,1,0,0,0,0,2008,2008
"Twins II",1,1,0,0,0,0,1928,1928
"Twins VIII",2,2,0,0,0,0,1956,1956
"Ukraine-2",7,7,0,0,0,0,1994,2008
"Umberta V",1,1,0,0,0,0,1964,1964
"Unique",1,1,0,0,0,0,1952,1952
"United States-10",1,1,0,0,0,0,1904,1904
"United States-14",1,1,0,0,0,0,1904,1904
"United States-3",9,11,0,0,0,0,1972,2014
"United States-6",1,1,0,0,0,0,1904,1904
"United States-7",1,1,0,0,0,0,1904,1904
"United States-9",1,1,0,0,0,0,1904,1904
"United States Virgin Islands",31,64,0,0,0,0,1968,2016
"United States Virgin Islands-1",2,2,0,0,0,0,1992,1992
"United States Virgin Islands-2",2,2,0,0,0,0,1992,1992
"Unknown",1,1,0,0,0,0,1912,1912
"Uragan",1,1,0,0,0,0,1952,1952
"Vanuatu",4,7,0,0,0,0,1988,2012
"Vaxholm Roddklubb",1,1,0,0,0,0,1912,1912
"Vesania",2,2,0,0,0,0,1960,1960
"Vicking",1,1,0,0,0,0,1936,1936
"Vietnam",12,19,0,0,0,0,1980,2016
"Viking",1,1,0,0,0,0,1956,1956
"Vinha",1,1,0,0,0,0,1952,1952
"Virginie",1,1,0,0,0,0,1952,1952
"Web III",1,1,0,0,0,0,1964,1964
"West Germany-2",8,10,0,0,0,0,1968,1988
"West Indies Federation",3,3,0,0,0,0,1960,1960
"Whitini Star",1,1,0,0,0,0,2008,2008
"Wiking",1,1,0,0,0,0,1936,1936
"Wolseley-Siddeley-1",2,2,0,0,0,0,1908,1908
"Xolotl",3,3,0,0,0,0,1964,1964
"Yangon",1,1,0,0,0,0,1960,1960
"Yemen",19,22,0,0,0,0,1992,2016
"Yeoman VII",1,1,0,0,0,0,1960,1960
"Yeoman XII",2,2,0,0,0,0,1964,1964
"Ylliam II",3,3,0,0,0,0,1936,1936
"Ylliam VII",2,2,0,0,0,0,1948,1948
"Ylliam VIII",2,2,0,0,0,0,1952,1952
"Yugoslavia-1",1,1,0,0,0,0,1972,1972
"Zambia",37,43,0,0,0,0,1964,2016
"Nina Claire-30",3,3,0,0,0,0,1900,1900
"Acipactli",1,1,0,0,0,0,1964,1964
"Acturus",1,1,0,0,0,0,1948,1948
"Afghanistan",30,38,0,0,0,0,1936,2016
"Akatonbo",1,1,0,0,0,0,1964,1964
"Albania",8,11,0,0,0,0,1992,2016
"Aldebaran",1,1,0,0,0,0,1964,1964
"Aldebaran II",1,1,0,0,0,0,1960,1960
"Aletta",1,1,0,0,0,0,1960,1960
"Ali-Baba IV",2,2,0,0,0,0,1952,1952
"Ali-Baba IX",2,2,0,0,0,0,1964,1964
"Ali-Baba VI",2,2,0,0,0,0,1960,1960
"Allegro",2,2,0,0,0,0,1948,1948
"American Samoa",6,7,0,0,0,0,1988,2012
"Amolgavar",1,1,0,0,0,0,1924,1924
"Andorinha",2,2,0,0,0,0,1948,1948
"Andorra",14,39,0,0,0,0,1976,2016
"Angola",70,111,0,0,0,0,1980,2016
"Anitra",2,2,0,0,0,0,1936,1936
"Antares",1,1,0,0,0,0,1948,1948
"Antigua and Barbuda",17,35,0,0,0,0,1976,2016
"Apache",1,1,0,0,0,0,1948,1948
"Arcturus",1,1,0,0,0,0,1952,1952
"Argentina-1",6,6,0,0,0,0,1924,2016
"Argentina-2",9,9,0,0,0,0,1924,2016
"Argus",2,2,0,0,0,0,1948,1948
"Ariel",1,1,0,0,0,0,1948,1948
"Aruba",5,9,0,0,0,0,1988,2004
"Aschenbrodel",1,1,0,0,0,0,1900,1900
"Athens-2",3,3,0,0,0,0,1906,1906
"Augsburg",1,1,0,0,0,0,1936,1936
"Ausonia",3,3,0,0,0,0,1948,1948
"Australia-2",9,10,0,0,0,0,1996,2016
"Babe",2,2,0,0,0,0,1928,1928
"Baccara",2,2,0,0,0,0,1960,1960
"Bahrain",48,68,0,0,0,0,1984,2016
"Bamba",3,3,0,0,0,0,1928,1928
"Bangladesh",13,23,0,0,0,0,1984,2016
"Barbados",36,72,0,0,0,0,1968,2016
"Beaver",2,2,0,0,0,0,1956,1960
"Belarus-1",1,1,0,0,0,0,2008,2008
"Belgium-1",9,11,0,0,0,0,1900,1952
"Belgium-2",6,6,0,0,0,0,1920,1952
"Belgium-4",2,2,0,0,0,0,1920,1920
"Belize",9,11,0,0,0,0,1968,2004
"Bella",1,1,0,0,0,0,1960,1960
"Benin",28,40,0,0,0,0,1972,2016
"Berliner Ruderclub Sport-Borussia-1",3,3,0,0,0,0,1912,1912
"Bermuda",33,64,0,0,0,0,1936,2016
"Bermudes",1,1,0,0,0,0,1960,1960
"Bermudian",1,1,0,0,0,0,1960,1960
"Bhutan",6,9,0,0,0,0,1984,2012
"Blue Red",1,1,0,0,0,0,1924,1924
"Bohemia",9,15,0,0,0,0,1900,1912
"Bolivia",38,62,0,0,0,0,1936,2016
"Bosnia and Herzegovina",18,44,0,0,0,0,1992,2016
"Breslau",1,1,0,0,0,0,1936,1936
"Briar",1,1,0,0,0,0,2008,2008
"Brigantia",1,1,0,0,0,0,1964,1964
"British Virgin Islands",8,10,0,0,0,0,1984,2014
"Bronia",1,1,0,0,0,0,1960,1960
"Brunei",4,5,0,0,0,0,1996,2016
"Bu III",1,1,0,0,0,0,1952,1952
"Bulgaria-1",2,2,0,0,0,0,1992,1992
"Bulgaria-2",4,4,0,0,0,0,1988,1992
"Burevestnik",2,2,0,0,0,0,1952,1952
"Burkina Faso",1,1,0,0,0,0,1972,1972
"Burundi",1,1,0,0,0,0,2012,2012
"Buscape II",2,2,0,0,0,0,1948,1948
"Bylina-2",2,2,0,0,0,0,1912,1912
"Calcinhas",1,1,0,0,0,0,1960,1960
"Calimucho",1,1,0,0,0,0,2008,2008
"Calypse II",1,1,0,0,0,0,1960,1960
"Cambodia",4,5,0,0,0,0,1964,2016
"Cambria",2,2,0,0,0,0,1964,1964
"Camelia",3,3,0,0,0,0,1928,1928
"Canada-3",10,10,0,0,0,0,1964,2014
"Canopus",1,1,0,0,0,0,1956,1956
"Cape Verde",6,7,0,0,0,0,1996,2016
"Carabinier-5",1,1,0,0,0,0,1900,1900
"Cayman Islands",14,24,0,0,0,0,1984,2016
"Central African Republic",12,19,0,0,0,0,1984,2016
"Cercle Nautique de Reims-4",1,1,0,0,0,0,1900,1900
"Ceres II",1,1,0,0,0,0,1948,1948
"Cha-Cha III",1,1,0,0,0,0,1960,1960
"Chad",8,10,0,0,0,0,1972,2016
"Chaje II",1,1,0,0,0,0,1964,1964
"Chamukina",2,2,0,0,0,0,1960,1960
"Chicago Archers",1,1,0,0,0,0,1904,1904
"Chinese Taipei-1",4,5,0,0,0,0,1984,1996
"Chinese Taipei-2",3,4,0,0,0,0,1988,2000
"Chok",1,1,0,0,0,0,1960,1960
"Ciocca",2,2,0,0,0,0,1952,1952
"Ciocca II",4,4,0,0,0,0,1948,1948
"Ciocca III",2,2,0,0,0,0,1960,1960
"Circus",2,2,0,0,0,0,1960,1960
"Clementine V",1,1,0,0,0,0,1964,1964
"Club Nautique de Dieppe-5",2,3,0,0,0,0,1900,1900
"Club Nautique de Franais-1",2,2,0,0,0,0,1900,1900
"Comoros",11,15,0,0,0,0,1996,2016
"Compigne Polo Club",3,3,0,0,0,0,1900,1900
"Concordia Turnverein, St Louis",2,2,0,0,0,0,1904,1904
"Congo (Brazzaville)",18,28,0,0,0,0,1964,2016
"Congo (Kinshasa)",10,17,0,0,0,0,1968,2004
"Cook Islands",3,3,0,0,0,0,2012,2016
"Costa Rica",49,75,0,0,0,0,1936,2016
"Covunco III",1,1,0,0,0,0,1956,1956
"Crabe I-11",1,1,0,0,0,0,1900,1900
"Crabe I-2",1,1,0,0,0,0,1900,1900
"Crabe I-3",1,1,0,0,0,0,1900,1900
"Crabe II-12",1,1,0,0,0,0,1900,1900
"Crete",3,5,0,0,0,0,1906,1906
"Cuba-1",2,2,0,0,0,0,2008,2008
"Cuba-2",1,1,0,0,0,0,2008,2008
"Cupidon III",2,2,0,0,0,0,1928,1928
"Cupidon Viking",2,2,0,0,0,0,1928,1928
"Cyprus",28,53,0,0,0,0,1980,2016
"Czech Republic-1",6,8,0,0,0,0,1994,2010
"Czech Republic-2",8,8,0,0,0,0,1994,2012
"Czechoslovakia-1",3,3,0,0,0,0,1964,1992
"Czechoslovakia-2",3,4,0,0,0,0,1936,1968
"Czechoslovakia-3",1,1,0,0,0,0,1920,1920
"Daisy",1,1,0,0,0,0,1964,1964
"Damoiselle",2,2,0,0,0,0,1952,1952
"Damoiselle IV",2,2,0,0,0,0,1960,1960
"Dansk Idrts Forbund",2,4,0,0,0,0,1906,1906
"Davenport Turngemeinde, Davenport",1,1,0,0,0,0,1904,1904
"Denmark-1",2,4,0,0,0,0,1924,2000
"DeRuyter",3,3,0,0,0,0,1936,1952
"Diablo",1,1,0,0,0,0,1964,1964
"Dinah V",1,1,0,0,0,0,1960,1960
"Djibouti",11,14,0,0,0,0,1984,2016
"Dolfijn",2,2,0,0,0,0,1948,1948
"Dominica",5,5,0,0,0,0,1996,2016
"Dresden",1,1,0,0,0,0,1936,1936
"Druzhba",2,3,0,0,0,0,1956,1964
"Dylan-2",1,1,0,0,0,0,1908,1908
"EA II",2,2,0,0,0,0,1936,1936
"East Germany-3",1,1,0,0,0,0,1972,1972
"Ecuador",49,87,0,0,0,0,1968,2016
"Eissero VI",2,2,0,0,0,0,1952,1952
"El Salvador",41,69,0,0,0,0,1932,2016
"England",1,1,0,0,0,0,1912,1912
"Equatorial Guinea",12,23,0,0,0,0,1984,2016
"Eritrea",5,7,0,0,0,0,2000,2016
"Esperia",1,1,0,0,0,0,1936,1936
"Espuma del Mar",3,4,0,0,0,0,1960,1964
"Evita VI",2,2,0,0,0,0,1960,1960
"Fada",1,1,0,0,0,0,1936,1936
"Faneca",2,3,0,0,0,0,1956,1964
"Fantasio III",1,1,0,0,0,0,1960,1960
"Favorite-17",1,1,0,0,0,0,1900,1900
"Federated States of Micronesia",4,6,0,0,0,0,2004,2016
"Feo",1,1,0,0,0,0,1928,1928
"Finn II",1,1,0,0,0,0,1912,1912
"Firebird II",2,2,0,0,0,0,1964,1964
"Fortuna",1,1,0,0,0,0,1952,1952
"Fram",2,2,0,0,0,0,1908,1908
"France-4",2,2,0,0,0,0,1900,1900
"Frip IV",1,1,0,0,0,0,1960,1960
"Fruits",5,5,0,0,0,0,1928,1928
"Gabbiano",3,3,0,0,0,0,1960,1960
"Gabon",13,22,0,0,0,0,1988,2016
"Galatea II",2,2,0,0,0,0,1952,1952
"Galejan",2,2,0,0,0,0,1960,1960
"Galerna",3,3,0,0,0,0,1948,1948
"Galopin-20",1,1,0,0,0,0,1900,1900
"Galopin-9",1,2,0,0,0,0,1900,1900
"Gam II",1,1,0,0,0,0,1956,1956
"Gambia",8,8,0,0,0,0,1984,2016
"Gem II",1,1,0,0,0,0,1948,1948
"Gem III",1,1,0,0,0,0,1952,1952
"Gem VII",1,1,0,0,0,0,1960,1960
"Germany-3",6,8,0,0,0,0,1960,2014
"Gilliatt V",1,1,0,0,0,0,1956,1956
"Girl Pat",2,2,0,0,0,0,1952,1952
"Gitana-21",2,2,0,0,0,0,1900,1900
"Gran Gesto",1,1,0,0,0,0,2008,2008
"Great Britain-4",2,2,0,0,0,0,1908,1908
"Greece-3",3,3,0,0,0,0,1896,1906
"Grenada",10,13,0,0,0,0,1984,2016
"Grifo III",2,2,0,0,0,0,1960,1960
"Grifo IV",3,3,0,0,0,0,1964,1964
"Gteborgs Roddfrening-2",1,1,0,0,0,0,1912,1912
"Gteborgs Roddklubb-1",6,6,0,0,0,0,1912,1912
"Guam",24,33,0,0,0,0,1988,2012
"Guanahani",1,1,0,0,0,0,1964,1964
"Guinea",38,41,0,0,0,0,1968,2016
"Guinea Bissau",7,11,0,0,0,0,1996,2016
"Gustel V",1,1,0,0,0,0,1936,1936
"Gwendoline-22",1,1,0,0,0,0,1900,1900
"GyoshuII",1,1,0,0,0,0,1964,1964
"Hatuey",2,2,0,0,0,0,1924,1924
"Hb-20",1,1,0,0,0,0,1900,1900
"Hb-24",1,1,0,0,0,0,1900,1900
"Hirondelle",2,2,0,0,0,0,1952,1952
"Honduras",42,59,0,0,0,0,1968,2016
"Hong Kong",80,154,0,0,0,0,1952,2016
"Hong Kong-1",2,2,0,0,0,0,1988,2004
"Hungaria",1,1,0,0,0,0,1928,1928
"Hungaria Evezos Egylet",1,1,0,0,0,0,1912,1912
"Hungary-1",2,2,0,0,0,0,1992,2004
"Impala",1,1,0,0,0,0,1956,1956
"Inca",2,2,0,0,0,0,1956,1956
"India-1",2,2,0,0,0,0,2012,2012
"Indonesia-2",2,2,0,0,0,0,2004,2008
"Inga-Lill XXXXIII",1,1,0,0,0,0,1960,1960
"Ireland-3",1,1,0,0,0,0,1912,1912
"Israel-1",1,2,0,0,0,0,2002,2006
"Israel-2",1,1,0,0,0,0,2002,2002
"Italy-3",2,2,0,0,0,0,1976,1976
"Japan-1",4,8,0,0,0,0,1972,2004
"Japan-2",3,3,0,0,0,0,1972,2004
"Jill",1,1,0,0,0,0,1952,1952
"Joy",1,1,0,0,0,0,1948,1948
"June Climene",2,2,0,0,0,0,1960,1960
"Kiel",1,1,0,0,0,0,1936,1936
"Kingfisher",1,1,0,0,0,0,1956,1956
"Kiribati",1,1,0,0,0,0,2012,2012
"KNS",1,1,0,0,0,0,1936,1936
"Kon-Tiki",1,1,0,0,0,0,1956,1956
"Konstanz",1,1,0,0,0,0,1936,1936
"Kristiania Roklub",2,2,0,0,0,0,1912,1912
"Kristiania Roklub-1",2,2,0,0,0,0,1912,1912
"Kurush IV",3,4,0,0,0,0,1952,1956
"La Salle Turnverein, Chicago",2,2,0,0,0,0,1904,1904
"LaBandera",3,3,0,0,0,0,1948,1948
"Laos",8,8,0,0,0,0,1980,2016
"Latvia-2",7,10,0,0,0,0,1992,2014
"Lemzos Thorichton ""Psara""-3",3,3,0,0,0,0,1906,1906
"Lemzos Thorichton ""Spetsai""-4",3,3,0,0,0,0,1906,1906
"Lett",2,2,0,0,0,0,1960,1960
"Libellule de Paris-3",2,2,0,0,0,0,1900,1900
"Liberia",8,20,0,0,0,0,1984,2012
"Libya",41,54,0,0,0,0,1980,2016
"Liechtenstein",30,77,0,0,0,0,1936,2010
"Linglom",3,3,0,0,0,0,1964,1964
"Lotta IV",2,2,0,0,0,0,1948,1952
"Lucky Star",1,1,0,0,0,0,2008,2008
"Macedonia",8,21,0,0,0,0,1996,2016
"Mad Dog",1,1,0,0,0,0,1960,1960
"Madagascar",9,13,0,0,0,0,1972,2016
"Malawi",13,20,0,0,0,0,1972,2016
"Malaya",14,15,0,0,0,0,1956,1960
"Malaysia-2",1,3,0,0,0,0,2000,2008
"Maldives",8,12,0,0,0,0,1988,2012
"Mali",31,40,0,0,0,0,1964,2016
"Malta",32,47,0,0,0,0,1928,2016
"Marga-2",2,2,0,0,0,0,1912,1912
"Mari",1,1,0,0,0,0,1960,1960
"Marmara",1,1,0,0,0,0,1936,1936
"Marshall Islands",2,2,0,0,0,0,2008,2016
"Martha-27",2,2,0,0,0,0,1900,1900
"Matrero II",1,1,0,0,0,0,1936,1936
"Mauritania",10,13,0,0,0,0,1984,2016
"Mauritius",30,55,0,0,0,0,1984,2016
"Mauritius-1",1,1,0,0,0,0,1996,1996
"Mauritius-2",2,2,0,0,0,0,1996,1996
"May-Be 1960",1,1,0,0,0,0,1960,1960
"May Be VII",1,1,0,0,0,0,1952,1952
"Meteor",1,1,0,0,0,0,1960,1960
"Mexico-1",1,1,0,0,0,0,1992,1992
"Mexico-2",1,1,0,0,0,0,1992,1992
"Mignon-29",1,1,0,0,0,0,1900,1900
"Mirtala",1,1,0,0,0,0,1952,1952
"Mistral Hojris",1,1,0,0,0,0,2008,2008
"Monaco",35,84,0,0,0,0,1920,2016
"Monaco-1",1,1,0,0,0,0,1992,1992
"Monaco-2",1,1,0,0,0,0,1992,1992
"Monica",1,1,0,0,0,0,1964,1964
"Moorina",1,1,0,0,0,0,1948,1948
"Morena",1,1,0,0,0,0,1948,1948
"Mozambique",17,29,0,0,0,0,1980,2016
"Myanmar",8,9,0,0,0,0,1956,2012
"Mystery",2,2,0,0,0,0,1936,1936
"Naiad",1,1,0,0,0,0,1956,1956
"Namibia",8,16,0,0,0,0,1992,2016
"Nauru",4,6,0,0,0,0,1996,2016
"Nausikaa 4",1,1,0,0,0,0,1964,1964
"Nautikos Omilos-3",2,2,0,0,0,0,1906,1906
"Netherlands-2",2,2,0,0,0,0,2002,2008
"New York Athletic Club-4",3,3,0,0,0,0,1904,1904
"New York Athletic Club #2-4",2,2,0,0,0,0,1904,1904
"Nicaragua",29,35,0,0,0,0,1968,2012
"Nigeria-1",2,2,0,0,0,0,1992,2004
"Nigeria-2",3,3,0,0,0,0,1988,2004
"Nikh",2,2,0,0,0,0,1956,1956
"30. Februar",1,1,0,0,0,0,1952,1952
"Nirwana",1,1,0,0,0,0,1952,1952
"Nora",2,2,0,0,0,0,1948,1948
"Nortazo",1,1,0,0,0,0,1948,1948
"North Borneo",2,2,0,0,0,0,1956,1956
"North Korea-1",1,1,0,0,0,0,1992,1992
"North Yemen",7,8,0,0,0,0,1984,1988
"Norway-1",6,7,0,0,0,0,1912,1956
"Norway-2",3,3,0,0,0,0,1924,1952
"Norway-3",1,1,0,0,0,0,1912,1912
"Norwegian Rowing Association",2,2,0,0,0,0,1908,1908
"Norwegier Turnverein, Brooklyn",1,1,0,0,0,0,1904,1904
"Oleander II",1,1,0,0,0,0,1960,1960
"Oleander XII",1,1,0,0,0,0,1964,1964
"Olen",1,1,0,0,0,0,1964,1964
"Oman",42,66,0,0,0,0,1984,2016
"Omilos Ereton Peiraios-2",1,1,0,0,0,0,1906,1906
"Oxalis",1,1,0,0,0,0,2008,2008
"Paka V",1,1,0,0,0,0,1952,1952
"Pakaria",1,1,0,0,0,0,1960,1960
"Palau",4,4,0,0,0,0,2000,2016
"Palestine",12,12,0,0,0,0,1996,2016
"Pam",1,1,0,0,0,0,1956,1956
"Pampero",3,4,0,0,0,0,1948,1956
"Pan-Hellenic Athletic Club",1,1,0,0,0,0,1904,1904
"Panama",36,58,0,0,0,0,1952,2016
"Panhellenios Gymnastikos Syllogos-1",1,3,0,0,0,0,1906,1906
"Pannonia RC/National RC",1,1,0,0,0,0,1908,1908
"Papua New Guinea",15,27,0,0,0,0,1976,2016
"Partenope",1,1,0,0,0,0,1960,1960
"Passaic Turnverein, Passaic",2,2,0,0,0,0,1904,1904
"Paula",3,3,0,0,0,0,1956,1956
"Pegaso",2,2,0,0,0,0,1936,1936
"Peri",2,2,0,0,0,0,1960,1960
"Peri II",2,2,0,0,0,0,1964,1964
"Pettit-Poucet-6",1,1,0,0,0,0,1900,1900
"Phoenix",1,1,0,0,0,0,1964,1964
"Pierre et Jean-3",1,1,0,0,0,0,1900,1900
"Pierre et Jean-4",1,2,0,0,0,0,1900,1900
"Pigoule",1,1,0,0,0,0,1964,1964
"Plume-patte-32",1,1,0,0,0,0,1900,1900
"Plume-Patte-5",1,2,0,0,0,0,1900,1900
"Poland-1",3,3,0,0,0,0,1956,2016
"Poland-2",4,4,0,0,0,0,1956,2008
"Posillipo III",1,1,0,0,0,0,1960,1960
"Pousse-Moi Pas VII",1,1,0,0,0,0,1964,1964
"Primorka",2,2,0,0,0,0,1952,1952
"Proteus II",1,1,0,0,0,0,1964,1964
"Puerto Rico-1",1,1,0,0,0,0,1992,1992
"Puerto Rico-2",2,2,0,0,0,0,1992,1992
"Pupilles de Neptune de Lille #1-3",1,1,0,0,0,0,1900,1900
"Qu'Importe",3,3,0,0,0,0,1936,1936
"Quand-Mme-33",1,1,0,0,0,0,1900,1900
"R.-V. Germania, Leitmeritz",1,1,0,0,0,0,1912,1912
"Ral-Club Barcelona",1,1,0,0,0,0,1900,1900
"Red Dragon",1,1,0,0,0,0,1956,1956
"Refugee Olympic Athletes",5,6,0,0,0,0,2016,2016
"Relampago",1,1,0,0,0,0,2008,2008
"Rhodesia",2,2,0,0,0,0,1960,1960
"Rhythm",1,1,0,0,0,0,1948,1948
"Rififi",1,1,0,0,0,0,1960,1960
"rn-2",3,3,0,0,0,0,1912,1912
"Roddklubben af 1912-2",4,4,0,0,0,0,1912,1912
"Roklubb Kbnhavn-2",1,1,0,0,0,0,1912,1912
"Roma",4,4,0,0,0,0,1906,1906
"Romania-1",10,13,0,0,0,0,1928,2016
"Romania-2",12,14,0,0,0,0,1936,2010
"Romolo",1,1,0,0,0,0,1956,1956
"Rozenn-3",1,1,0,0,0,0,1900,1900
